state,year,TN_PROPOSALS,TN_LEN,TN_AMT,TU_PROPOSALS,TU_LEN,TU_AMT,TOT_PROP,TOT_LEN,TOT_AMT,CCN_PROPOSALS,CCN_LEN,CCN_AMT,CCU_PROPOSALS,CCU_LEN,CCU_AMT,CCTOT_PROP,CCTOT_LEN,CCTOT_AMT,length_completion_rate,proposal_completion_rate,spend_realization_rate
MAHARASHTRA,2018,1368,4451.079,160099.83000000002,5690,30025.079,1251942.36,7058,34476.158,1510659.07,1202,3687.578,85534.58,4567,22365.674,639120.78,5769,26053.252,791474.59,75.56889604694351,81.73703598753188,52.39266792341173
MAHARASHTRA,2019,1368,4451.079,160099.83000000002,5690,30025.079,1251942.36,7058,34476.158,1510659.07,1223,3870.508,93466.59,4626,22449.572,656690.68,5849,26320.08,811894.44,76.34284539477977,82.87050155851516,53.74438588582399
MAHARASHTRA,2020,1368,4451.079,160099.83000000002,5690,30025.079,1251942.36,7058,34476.158,1510659.07,1241,3936.328,105164.97,4641,22504.238,662213.89,5882,26440.566,832605.98,76.69232169083341,83.33805610654576,55.11541263906753
MAHARASHTRA,2021,1368,4451.079,160099.83000000002,5690,30025.079,1251942.36,7058,34476.158,1510659.07,1268,4082.598,107997.61,4647,22538.468,677206.63,5915,26621.066,854764.8,77.21587190776883,83.80561065457637,56.58224393409957
MAHARASHTRA,2022,1368,4451.079,160099.83000000002,5690,30025.079,1251942.36,7058,34476.158,1510659.07,1283,4147.498,116217.84,4656,22672.728,697627.29,5939,26820.226,0.0,77.79354648508107,84.14565032587134,0.0
MAHARASHTRA,2023,1368,4451.079,160099.83000000002,5690,30025.079,1251942.36,7058,34476.158,1510659.07,1328,4222.183,123263.42,4691,23741.751,787978.29,6019,27963.934,999839.46,81.11093469289705,85.27911589685463,66.18564571290065
MAHARASHTRA,2024,1368,4451.079,160099.83000000002,5690,30025.079,1251942.36,7058,34476.158,1510659.07,1330,4224.683,125917.67,4918,25309.376,926740.53,6248,29534.059,1145031.19,85.66516895531109,88.52366109379429,75.79679708936577
MAHARASHTRA,2025,1368,4451.079,160099.83000000002,5690,30025.079,1251942.36,7058,34476.158,1510659.07,1334,4246.403,130015.75,5156,27334.108,1065530.39,6490,31580.511,1297441.34,91.60101598327748,91.9523944460187,85.88578096578733
